{
  "pages": {
    "interactive-art": {
      "title": "Interactive Art",
      "pages": {
        "ancestors-gate": {
          "title": "Ancestors’ Gate",
          "subtitle": "A portal for past generations to speak to us",
          "year": "2023",
          "tags": [
            "crt",
            "projection",
            "microcontroller",
            "vintage tech",
            "indigenous"
          ],
          "heroVideo": true,
          "content": "<p>The story of Indigenous language and cultural near-extinction, and later renaissance, has played out in parallel among Indigenous tribes, nations and peoples in North and South America, Australia and the Pacific, and elsewhere around the world. We can all point to a past generation of our respective peoples, within memory, who spoke our languages maternally.</p><p>Imagine yourself as one of the people of that generation -- perhaps someone in your own family who you knew, or know about, or someone in the Native community where you're from, or even their ancestors beyond that.</p><p>Imagine you're gifted with a time portal they can use to send something through to this generation. A way to communicate directly with us.</p><p>What kind of story, song, message or knowledge would you send?</p>"
        },
        "dancing-light-lanterns": {
          "title": "Dancing Light Lanterns",
          "subtitle": "A portal for past generations to speak to us",
          "year": "2022",
          "tags": [
            "microcontroller",
            "indigenous"
          ],
          "heroVideo": false,
          "content": "<p>Lorem ipsum dolor sit amet consectetur, adipisicing elit. Similique dignissimos itaque labore optio nulla qui laboriosam, reprehenderit a deserunt! Eius nesciunt fugit ad neque assumenda doloribus voluptatum vitae praesentium dolorem.</p>"
        }
      }
    },
    "web-development": {
      "title": "Web Development",
      "pages": {
        "red-nucleus": {
          "title": "Red Nucleus",
          "subtitle": "A portal for past generations to speak to us",
          "year": "2022",
          "tags": [
            "microcontroller",
            "indigenous"
          ],
          "heroVideo": false,
          "content": "<p>Lorem ipsum dolor sit amet consectetur, adipisicing elit. Similique dignissimos itaque labore optio nulla qui laboriosam, reprehenderit a deserunt! Eius nesciunt fugit ad neque assumenda doloribus voluptatum vitae praesentium dolorem.</p>"
        }
      }
    },
    "game-development": {
      "title": "Game Development",
      "content": "<p>Lorem ipsum dolor sit amet consectetur, adipisicing elit. Similique dignissimos itaque labore optio nulla qui laboriosam, reprehenderit a deserunt! Eius nesciunt fugit ad neque assumenda doloribus voluptatum vitae praesentium dolorem.</p>"
    },
    "workshops-and-education": {
      "title": "Workshops + Education",
      "content": "<p>Lorem ipsum dolor sit amet consectetur, adipisicing elit. Similique dignissimos itaque labore optio nulla qui laboriosam, reprehenderit a deserunt! Eius nesciunt fugit ad neque assumenda doloribus voluptatum vitae praesentium dolorem.</p>"
    }
  }
}
